page,label,section_id,section_title,nearest_prev_heading_text,heading_match,text
2,text,,Another generalization of Hadamard test: Optimal sample complexities for learning functions on the unitary group,,False,Daiki Suruga
2,text,,Another generalization of Hadamard test: Optimal sample complexities for learning functions on the unitary group,,False,"CFT PAN, Poland"
2,text,,Another generalization of Hadamard test: Optimal sample complexities for learning functions on the unitary group,,False,"September 10, 2025"
2,text,,Abstract,,False,"Estimating properties of unknown unitary operations is a fundamental task in quantum information science. While full unitary tomography requires a number of samples to the unknown unitary scaling linearly with the dimension (implying exponentially with the number of qubits), estimating specific functions of a unitary can be significantly more efficient. In this paper, we present a unified framework for the sample-efficient estimation of arbitrary square integrable functions f : U ( d ) → C , using only access to the controlled-unitary operation. We first provide a tight characterization of the optimal sample complexity when the accuracy is measured by the averaged bias over the unitary U ( d ). We then construct a sample-efficient estimation algorithm that becomes optimal under the Probably Approximately Correct (PAC) learning criterion for various classes of functions."
2,text,,Abstract,,False,"Applications include optimal estimation of matrix elements of irreducible representations, the trace, determinant, and general polynomial functions on U ( d ). Our technique generalize the Hadamard test and leverage tools from representation theory, yielding both lower and upper bound on sample complexity."
2,text,,1 Introduction,,False,"In quantum mechanics, any time evolution of a closed system is described by a unitary operator. As a result, many tasks in quantum information science involve estimating characteristics of a given, yet unknown unitary process. Examples of such tasks include the validation and certification of quantum circuits, error mitigation and correction in quantum processes, and the identification of hidden or unknown dynamics in black-box quantum systems. For such tasks, one needs to accurately estimate some characteristics of the unitaries, such as deviation from the ideal process (i.e., noise), eigenvalues and eigenvectors, or even the complete description of the unitary operator. With the rapid theoretical and experimental advancement of quantum information technologies, developing efficient methods for estimating the properties of unknown unitary operations has become increasingly essential, and has therefore received much attention."
2,text,,1 Introduction,,False,"A standard approach to estimating the characteristics of a given unitary operator is to reconstruct the entire unitary process-that is, to estimate all matrix elements of the unitary operator (sometimes up to a global phase). As a full characterization of a given unitary process is a fundamental task in quantum information science, numerous studies have addressed the full unitary tomography problem. See, e.g., [AJV01, CDS05, Hay06, YRC20, HKOT23], as well as a simple method described in Nielsen and Chuang [NC10, Section 8.4.2]. In particular, Ref. [HKOT23] recently showed that estimating a d -dimensional black-box unitary with high probability (when accuracy is measured by the diamond norm) requires Θ( d 2 ) samples. This implies that the number of required samples scales exponentially with the number of qubits."
2,text,,1 Introduction,,False,"On the other hand, many other studies focus on estimating a specific characteristic of a black-box unitary U ; here the characteristic is formally defined as the value f ( U ) of a function f : U ( d ) → C (where U ( d ) denotes the unitary group of dimension d ). For example, the (normalized) trace 1 d Tr U of a unitary U may be estimated by a simple application of the Hadamard test (see, e.g., [Chi, Section 16.1]) with only a constant number of queries to the controlled U operation, no matter how many qubits the unitary U acts on. This application of the Hadamard"
3,text,,1 Introduction,,False,"test provides an exponentially more sample-efficient method (with respect to the number of qubits) than a simple application of the full unitary tomography where the given unitary U is directly estimated by the full tomography first, and then 1 d Tr U is computed by classical computation. As in this example, it is often the case that one provably reduces the number of samples significantly compared to the full unitary tomography, when focusing on a specific characteristic. Because of its provable efficiency, there are many works that focus on estimating a specific characteristic, including the determinant det U [ZBQ + 25, AS25], the eigenvalues [Kit95, DJSW07, SHF13, KLY15, MdW23], and other quantities [LSS + 20, SY23, FEK25]."
3,text,,1 Introduction,,False,"While there is a rich literature on estimating specific functions f ( U ), only a few such functions, such as the trace and the determinant, have been systematically studied. For general functions f : U ( d ) → C , no efficient estimation scheme is currently known. It is therefore desirable to develop a unified, sample-efficient estimation framework that applies to a broad class of such functions."
3,text,,1.1 Our contributions,,False,The main purpose of this paper is to provide a unified estimation framework that allows for the construction of sample-efficient algorithms for estimating f ( U ) for any choice of the function f ( U ).
3,text,,1.1 Our contributions,,False,Our results are twofold:
3,list_item,,1.1 Our contributions,,False,"(i) In our first result, we tightly characterize the sample complexity required to estimate a function f accurately, when the accuracy is measured by the averaged bias over the Haar measure on U ( d ). This works for any function f that is square-integrable, i.e., f ∈ L 2 ( U ( d ))."
3,list_item,,1.1 Our contributions,,False,"(ii) In our second result, we provide an estimation algorithm based on the one designed for the first result. This algorithm become sample-optimal for estimating several kinds of functions even in the PAC (Probably Approximately Correct) learning framework, one of the most standard frameworks for tomography/estimation."
3,text,,1.1 Our contributions,,False,"In Sections 1.1.1 and 1.1.2, each of the two results is explained in detail respectively."
3,text,,1.1.1 First result,,False,"To state our first result formally, we define the averaged bias Bias G ( A , f ) of an estimation algorithm A for a function f as follows:"
3,text,,1.1.1 First result,,False,Definition. Let f : U ( d ) → C . We say a query algorithm A estimates the function f correctly with the averaged bias over the group G = U ( d ) less than ε if and only if
3,text,,1.1.1 First result,,False,"where Bias g ( A , f ) is the bias of the algorithm A at g ∈ U ( d ) , and the expectation E G is taken over the normalized Haar measure over the group U ( d ) ."
3,text,,1.1.1 First result,,False,"One first result is Theorem 1, that shows the number of optimal query access for estimating f under the condition Bias G ( A , f ) < ε is characterized by the quantity Rep ε ( f ). The formal definition of the quantity Rep ε ( f ) is defined later in Definition 6."
3,text,,1.1.1 First result,,False,"Theorem 1. Let f ∈ L 2 ( U ( d )) , and Rep ε ( f ) be as in Definition 6."
3,list_item,,1.1.1 First result,,False,"For any query algorithm A that queries to controlled-g estimates f with Bias G ( A , f ) < ε , then the algorithm A requires Ω( Rep ε ( f )) query access."
3,list_item,,1.1.1 First result,,False,"There is an estimation algorithm A with O ( Rep ε ( f )) query access that satisfies Bias G ( A , f ) < ε ."
3,text,,1.1.1 First result,,False,"Together, these bounds imply that the optimal query complexity for estimation f with accuracy ε is"
4,text,,1.1.1 First result,,False,Remarks on Theorem 1. We now give several remarks regarding Theorem 1.
4,list_item,,1.1.1 First result,,False,"First, we remark that the measure of accuracy Bias G is not the standard choice considered in the literature. The most commonly used measure is arguably the one defined in the PAC learning framework, which is in the scope of our second result. Compared to the PAC-based criterion, our measure imposes in some sense a weaker requirement; the number of query access for accurately estimating f ( U ) with respect to the measure Bias G is always smaller than with respect to the PAC learning measure (under a mild condition) as shown in Fact 6. Nevertheless, the measure Bias G is not merely an artificial construct, since the bias is indeed the natural choice in classical/quantum estimation theory [LC98, Hel69, Hay16], and there are research works, e.g., References [AJV01, CDPS04, CDS05, Hay06], that naturally consider the average of cost functions over the unitary group when estimating some properties of an unknown unitary."
4,list_item,,1.1.1 First result,,False,"We also remark that our estimation algorithm assumes query access only to the controlled-unitary operation CU , which cannot, in general, be replaced by access to U alone, since different unitaries can produce the same unitary channels 1 . This contrasts with several other studies [Kit95, BHMT02, GSLW19, vACGN23] that allow their algorithms access to additional types of queries such as U ∗ , CU ∗ , or multiple variants in combination with CU . Since in general it is hard [GST24] to construct these unitaries only from CU , our algorithm has the desirable property of relying solely on accesses to CU ."
4,text,,1.1.1 First result,,False,"Furthermore, our lower bound holds even for algorithms that are permitted access to other types of queries such as U , U ∗ , CU ∗ . Therefore our characterization remains tight for a wider class of query models."
4,list_item,,1.1.1 First result,,False,"Third, our result applies to a broad class of functions-specifically, the set of square-integrable functions L 2 ( U ( d )). This space includes all continuous functions as well as certain discontinuous functions. In particular, our result holds for any continuous functions, including natural examples such as Tr U and det U , as well as for some discontinuous functions-for example,"
4,text,,1.1.1 First result,,False,where A ⊂ U ( d ) is open or closed. These observations support the wide applicability of our result.
4,list_item,,1.1.1 First result,,False,"Lastly, we discuss the difficulty of computing the quantity Rep ε ( f ). It is generally difficult to compute Rep ε ( f ) accurately, and efficient computation of the quantity is beyond the scope of this paper. Nevertheless, for specific examples, we present methods to obtain simpler forms of Rep ε ( f ) in Section 5.1."
4,text,,1.1.2 Second result,,False,"In our second result, we aim to estimate a function f : U ( d ) → C accurately under the PAC criterion. The definition of the PAC criterion is as follows:"
4,text,,1.1.2 Second result,,False,"Definition. Let f : U ( d ) → C . We say an algorithm A that has query access to CU estimates the function f correctly with the precision parameters ( ε, δ ) if and only if"
4,text,,1.1.2 Second result,,False,"Our second result, stated in Proposition 1, shows an estimation algorithm for a function f ( U ) when f ( U ) is a polynomial of u ij 's and ¯ u ij 's with degree ≤ m , where U = ( u ij ) 1 ≤ i,j ≤ d and ¯ u ij is the complex conjugate of u ij ."
4,text,,1.1.2 Second result,,False,"Proposition 1. Let f ( U ) be a polynomial of u ij 's and ¯ u ij 's with degree ≤ m . Then there is an estimation algorithm for f under the PAC criterion that uses O ( ∥ A ∥ 2 1 log 1 δ ε 2 · m ) queries, for any matrix A satisfying"
5,text,,1.1.2 Second result,,False,"Proposition 1 shows that to get an upper bound on the query complexity for estimating f under the PAC criterion, it is sufficient only to find a matrix A that satisfies the constraint (1) and has a small L 1 norm. Based on Proposition 1, we give matching upper bounds for the (normalized) trace, the determinant, and other specific functions, in Section 5.2. All of the upper bounds given in Section 5.2 are tight when ε and δ are sufficiently small constants."
5,text,,1.1.2 Second result,,False,"Notably, one of our applications of Proposition 1 shows the optimal query complexity for every matrix element π i,j ( g ) of a unitary irreducible representation π ( g ) = ( π i,j ( g )), a fundamental quantity in representation theory."
5,text,,1.1.2 Second result,,False,"This quantity naturally appears, for example, in a generalization of Fourier analysis. In the generalization of Fourier analysis-specifically the harmonic analysis over compact groups-any function f ∈ L 2 ( U ( d )) is decomposed as a linear decomposition of the matrix elements of irreducible representations;"
5,text,,1.1.2 Second result,,False,"for some a π i,j ∈ C . As representation theory provides powerful tools in quantum computing, there is a considerable number of works that focus on the computation of the matrix elements or its relevant quantities [Jor09, MS14, Cir24, BCG + 24, BNZ25, LH25, Pan25, BGHS25]. For example, Ref. [Jor09] considers the gate complexity for estimating the matrix elements. However, the query complexity of the matrix elements was not known before this paper."
5,text,,1.2 Proof techniques,,False,We now briefly explain how to prove the lower bounds and the upper bounds in Theorem 1 and Proposition 1 respectively.
5,text,,1.2 Proof techniques,,False,"Lower bounds. To show the lower bound, let A be a query algorithm that uses m queries for estimating a function f with Bias G < ε . First, we observe that the expectation E [ A| g ] of the estimates of A , when the unknown unitary is g ∈ U ( d ), is a polynomial as the matrix elements of g and g ∗ with degree ≤ 2 m . Moreover, from the constraint on the bias: Bias G < ε , it follows that the L 2 distance ∥ E [ A| g ] -f ( g ) ∥ L 2 is small. This means the expectation E [ A| g ] approximates the function f well. However several representation theory techniques tell the function is decomposed by"
5,text,,1.2 Proof techniques,,False,"where poly ≤ 2 m f represents the polynomial with degree ≤ m that approximates the original function f best, and poly ⊥ ≤ 2 m f is the rest. Therefore if ∥ poly ⊥ ≤ 2 m f ∥ L 2 is large, the expectation E [ A| g ] cannot approximate the original f well. This implies that the number m of queries has to be large enough so that the quantity ∥ poly ⊥ ≤ 2 m f ∥ L 2 becomes sufficiently small, yielding a query lower bound."
5,text,,1.2 Proof techniques,,False,"Similar methods sometimes appear in the literature, e.g., References [BBC + 01, SY23]."
5,text,,1.2 Proof techniques,,False,"Upper bounds. To construct the query algorithm that attains our upper bounds, we generalize the Hadamard test and obtain an unbiased estimator for any polynomial f ( g ). The standard Hadamard test provides an unbiased estimator for Re Tr ρU and ImTr ρU , thus also for Tr ρU with one query access to CU for any state ρ . Generalizing this, we first develop an algorithm G-Hadamard that provides an unbiased estimator for the inner product"
5,text,,1.2 Proof techniques,,False,"for any pure states | φ ⟩ , | ψ ⟩ , with 2 m query access to Cg operation in Fig 1. We then observe that any polynomial function f ( g ) with degree ≤ m may be represented as"
6,text,,1.2 Proof techniques,,False,for some matrix A f . The singular value decomposition on the matrix A f then tells
6,text,,1.2 Proof techniques,,False,and the G-Hadamard is now used to estimate each of the terms indexed by i . This yields an unbiased estimator for a polynomial f with degree ≤ m .
6,text,,1.2 Proof techniques,,False,"Other generalizations of the Hadamard test has been investigated much in the literature e.g., [WRZ + 21, WBP + 24, FEK25]."
6,text,,1.3 Organization of the paper,,False,"The remainder of this paper is organized as follows. Section 2 introduces preliminary materials necessary for understanding the subsequent sections. We then prove the lower bound in Section 3 and the upper bound in Section 4. Their applications are discussed in Section 5, and some proofs are left to Section A."
6,text,,2 Preliminaries,,False,"Throughout this paper, the set of all n × m complex-valued matrices is denoted as M ( n, m, C ). For a matrix A ∈ M ( n, m, C ), A ∈ M ( n, m, C ) expresses the matrix whose entries are complex conjugate of the original matrix A , and A ∗ ∈ M ( m,n, C ) represents its adjoint matrix. For any rectangular matrices A = ( a ij ) and B , define"
6,text,,2 Preliminaries,,False,"Let N 0 = { 0 , 1 , . . . } . Let U ( d ) be the d -dimensional unitary group. Let CU be the controlled unitary operation, whose picture is expressed by the black bullet · on the controlled qubit throughout this paper, whereas the white bullet ◦ corresponds to X ⊗ I · (CU ) · X ⊗ I that applies U only when the controlled qubit is | 0 ⟩ . (See Fig 1 for example.) Let H,X , S and Toffoli gate be the gates defined in the standard manner. See e.g., [NC10]."
6,text,,2 Preliminaries,,False,"For a function f : U ( d ) → C , define the supremum norm"
6,text,,2 Preliminaries,,False,"for f, h ∈ L 2 ( U ( d )), where dg is the normalized Haar measure on U ( d ). This inner product induces the L 2 norm:"
6,text,,2.1 Prerequisites from representation theory,,False,"Here some standard materials in representation theory are described, which can be found in standard textbooks such as [FH13]."
6,text,,2.1 Prerequisites from representation theory,,False,Fact 1. There is a one-to-one correspondence between the set ̂ U ( d ) of all irreducible representations over U ( d ) and the set
6,text,,2.1 Prerequisites from representation theory,,False,and an inner product
7,text,,2.1 Prerequisites from representation theory,,False,"For an irreducible unitary representation ( π λ , V λ ) ∈ ̂ U ( d ), let dim π λ := dim V λ , and π λ ( g ) i,j (1 ≤ i, j ≤ dim π λ ) be the ( i, j ) matrix entry of π λ ( g )."
7,text,,2.1 Prerequisites from representation theory,,False,"Fact 2. For an unitary representation ( π λ , V λ ) ∈ ̂ U ( d ) , its conjugate representation (¯ π λ , ¯ V λ ) is also irreducible unitary representation and labeled by ¯ λ = ( -λ d , -λ d -1 , . . . , -λ 1 ) ∈ Z d + ."
7,text,,"2.1.1 Peter-Weyl theorem and Schur-Weyl duality, and their consequences",,False,"By the Peter-Weyl theorem [PW27], the set of squared integrable functions over U ( d ), denoted by L 2 ( U ( d )), is decomposed as"
7,text,,"2.1.1 Peter-Weyl theorem and Schur-Weyl duality, and their consequences",,False,"(as the U ( d ) representation,) where M π λ is the space spanned by the corresponding matrix components:"
7,text,,"2.1.1 Peter-Weyl theorem and Schur-Weyl duality, and their consequences",,False,"and ̂ ⊕ represents a direct sum as Hilbert space. Each π λ ( g ) i,j is orthogonal to others w.r.t. the inner product defined in Equation (2)."
7,text,,"2.1.1 Peter-Weyl theorem and Schur-Weyl duality, and their consequences",,False,"Fact 3 (Parseval type identity) . For any function f ∈ L 2 ( U ( d )) , its L 2 norm satisfies"
7,text,,"2.1.1 Peter-Weyl theorem and Schur-Weyl duality, and their consequences",,False,where P λ : L 2 ( U ( d )) → L 2 ( U ( d )) is the orthogonal projection onto the subspace M π λ .
7,text,,"2.1.1 Peter-Weyl theorem and Schur-Weyl duality, and their consequences",,False,"To state following facts in a concise manner, define"
7,text,,"2.1.1 Peter-Weyl theorem and Schur-Weyl duality, and their consequences",,False,"for d, m ≥ 1."
7,text,,"2.1.1 Peter-Weyl theorem and Schur-Weyl duality, and their consequences",,False,"The following fact is one version of Schur-Weyl duality [EGH + 11, Section 5.19]."
7,text,,"2.1.1 Peter-Weyl theorem and Schur-Weyl duality, and their consequences",,False,"Fact 4. There exists a unitary operator U Sch ∈ M ( d m , d m , C ) such that"
7,text,,"2.1.1 Peter-Weyl theorem and Schur-Weyl duality, and their consequences",,False,where m λ 's are positive integers.
7,text,,"2.1.1 Peter-Weyl theorem and Schur-Weyl duality, and their consequences",,False,"Fact 4, known as Mixed Schur-Weyl duality [BCH + 94, Ngu23, Gri25], also play an important role for our purpose."
7,text,,"2.1.1 Peter-Weyl theorem and Schur-Weyl duality, and their consequences",,False,"Fact 5 (Mixed Schur-Weyl duality) . There exists a unitary operator W Sch ( m, ¯ m ) ∈ M ( d ( m +¯ m ) , d ( m +¯ m ) , C ) such that"
7,text,,"2.1.1 Peter-Weyl theorem and Schur-Weyl duality, and their consequences",,False,"for some positive m λ 's, where"
7,text,,"2.1.1 Peter-Weyl theorem and Schur-Weyl duality, and their consequences",,False,"Note that some zeros might be padded intermediately so that any element belongs to Z d + ; ( λ + , λ -) := ( λ + , 0 , . . . , 0 , λ -) ."
8,text,,2.2 Algorithms and Their Complexity,,False,"As we deal with lower bounds on sample complexities, we next rigorously define the computational model considered throughout this paper in the below."
8,text,,2.2 Algorithms and Their Complexity,,False,Definition 1. An m -generalized query algorithm A consists of a sequence of unitaries
8,text,,2.2 Algorithms and Their Complexity,,False,"where V i ( g ) is a unitary whose elements are polynomials in the elements of g or ¯ g with degree at most one. This algorithm has the initial register | 0 ⟩ ⊗ K where K is a large constant, and finally performs the measurement on the state"
8,text,,2.2 Algorithms and Their Complexity,,False,"Without loss of generality, we assume the measurement is performed by the computational basis. For our purpose, the algorithm for estimating a function f : U ( d ) → C is additionally equipped with an estimator ˆ f : { 0 , 1 } K → range( f ) . Based on the outcome s ∈ { 0 , 1 } K of the final measurement, the algorithm outputs ˆ f ( s ) as an estimate."
8,text,,2.2 Algorithms and Their Complexity,,False,"Remark 1. This model is a bit more powerful than the ordinary computational models since we can take g, g ∗ , Cg, Cg ∗ , for example, as V i ( g ) 's. This means our lower bounds hold in a wider class of computational models. Note that in our upper bounds we only use the ordinary computational model, which have access only to the controlledg operation, and therefore does not rely on any additional power possibly derived from Definition 1."
8,text,,2.2 Algorithms and Their Complexity,,False,Definition 2. Let f : U ( d ) → C . We say an m -generalized query algorithm A estimates the function f correctly with the averaged bias over the group G = U ( d ) less than ε if and only if
8,text,,2.2 Algorithms and Their Complexity,,False,where E S [ ˆ f ( s ) | g ] := ∑ s ∈ S |⟨ s |A ( g ) | 0 ⟩ ⊗ K | 2 ˆ f ( s ) .
8,text,,2.2 Algorithms and Their Complexity,,False,"Definition 3. Let f : U ( d ) → C . We say an m -generalized query algorithm A estimates the function f correctly with the precision parameters ( ε, δ ) iff"
8,text,,2.2 Algorithms and Their Complexity,,False,Definition 4. Let B ε ( f ) be the minimum number of generalized queries required to estimate f correctly with the averaged bias (over the group U ( d ) ) less than ε .
8,text,,2.2 Algorithms and Their Complexity,,False,"Definition 5. Let Q ε,δ ( f ) be the minimum number of generalized queries required to estimate f correctly with the precision parameters ( ε, δ ) ."
8,text,,2.2 Algorithms and Their Complexity,,False,These two complexities are related as follows.
8,text,,2.2 Algorithms and Their Complexity,,False,"Fact 6. For any function f ∈ L 2 ( U ( d )) , B ε ′ ( f ) ≤ Q ε,δ ( f ) where ε ′ := (2 δ · ∥ f ∥ sup + ε ) 2 ."
8,text,,2.2 Algorithms and Their Complexity,,False,"Proof. For any generalized query algorithm A that has an estimator ˆ f for the function f ,"
9,text,,2.2 Algorithms and Their Complexity,,False,holds for any g . Therefore we have
9,text,,2.2 Algorithms and Their Complexity,,False,when the algorithm A satisfies the PAC-learning condition: Pr( | ˆ f ( s ) -f ( g ) | > ε ) < δ for any g .
9,text,,3 Lower bound,,False,"First, define the subspace of L 2 ( U ( d )) as follows."
9,text,,3 Lower bound,,False,"where g ij 's are the matrix elements of a unitary g ∈ U ( d ). In other words, the space Q ≤ m ( U ( d )) is the set of all polynomials with degree at most m ."
9,text,,3 Lower bound,,False,The space Q ≤ m ( U ( d )) is characterized as follows.
9,text,,Proposition 2.,,False,for any f ∈ L 2 ( U ( d )) .
9,text,,Proposition 2.,,False,"Proof. Applying Fact 5 for any 0 ≤ n, ¯ n ≤ m , we observe that there exists a unitary matrix W such that for any g ∈ U ( d ),"
9,text,,Proposition 2.,,False,"for some m λ 's. This shows that any matrix element in ⊕ 0 ≤ n, ¯ n ≤ m g ⊗ n ⊗ ¯ g ⊗ ¯ n is expressed by a linear combination of π λ ( g ) i,j 's appeared in the RHS of Equation (5) and vice versa. This shows that the RHS and LHS in (4) have the same elements, since every basis in Q ≤ m ( U ( d )) appears as a matrix element of ⊕ 0 ≤ n, ¯ n ≤ m g ⊗ n ⊗ ¯ g ⊗ ¯ n . To show the direct sum property of the RHS, simply use the Peter-Weyl theorem. Therefore we obtain the desired statement."
9,text,,Proposition 2.,,False,Let us next define the quantity Rep ε ( f ) that plays a pivotal role in this paper.
9,text,,Proposition 2.,,False,"Definition 6. For a function f ∈ L 2 ( U ( d )) , define"
9,text,,Proposition 2.,,False,"Proposition 3. For any function f ∈ L 2 ( U ( d )) , B ε ( f ) = Ω( Rep ε ( f )) ."
9,text,,Proposition 2.,,False,"Remark 2. Proposition 2 implies that there is an orthogonal projection operator Q ≤ m onto Q ≤ m ( U ( d )) , that is the sum of the projections P λ where λ ∈ Λ d ( n, ¯ n ) (0 ≤ n, ¯ n ≤ m ) . As the Peter-Weyl theorem tells, there is another projection operator Q ⊥ ≤ m onto the orthogonal subspace of Q ≤ m ( U ( d )) . By Fact 3, these projections satisfy"
10,text,,Proposition 2.,,False,"Proof. Let A be an m -generalized query algorithm equipped with an estimator ˆ f : { 0 , 1 } K → range f for the function f and assume A estimates f with Bias G < ε ;"
10,text,,Proposition 2.,,False,"Since E S [ ˆ f ( s ) | g ] := ∑ s ∈ S |⟨ s |A ( g ) | 0 ⟩ ⊗ K | 2 ˆ f ( s ) ∈ Q 2 m ( U ( d )), i.e., E S [ ˆ f ( s ) | g ] is polynomial (in the matrix elements of U ( d )) with degree at most 2 m , we have Q ⊥ ≤ 2 m ( f -E S [ ˆ f ( s ) | g ]) = Q ⊥ ≤ 2 m f . This implies"
10,text,,Proposition 2.,,False,where the first inequality follows from
10,text,,Proposition 2.,,False,for any g ∈ L 2 ( U ( d )).
10,text,,Proposition 2.,,False,These arguments show that if B ε ( f ) ≤ m then ∥ Q ⊥ ≤ 2 m f ∥ 2 L 2 < ε holds. Taking the contraposition of this statement shows the desired statement.
10,text,,4 Upper bound,,False,"Algorithm 1 (Generalized Hadamard test: G-Hadamard ) . For any positive integers m and d , a binary bit b ∈ { 0 , 1 } , let A n , B n , C n and D n (1 ≤ n ≤ m ) be quantum systems whose dimensions satisfy"
10,text,,4 Upper bound,,False,and define
10,text,,4 Upper bound,,False,"Additionally, for any φ, ψ ∈ C (2 m ) d , let U φ and U ψ be unitary operators that satisfy U φ | init ⟩ ABCDE = | φ ⟩ and U ψ | init ⟩ ABCDE = | ψ ⟩ respectively where E is a finite dimensional quantum system, and | init ⟩ is some initial state on ABCDE ."
10,text,,4 Upper bound,,False,"Under these definitions and notations, a new algorithm G-Hadamard , is defined as in Fig 1 where C n ( g ) and C ′ n ( g ) are defined in Fig 2, and the final measurement is performed with the computational basis on the first qubit system."
11,text,,4 Upper bound,,False,"Proposition 4. The algorithm G-Hadamard uses 2 m queries to the controlledg operation. The probability P 0 | b ( b ∈ { 0 , 1 } ) of obtaining zero as the measurement outcome is"
11,text,,4 Upper bound,,False,"when b is set to zero, and when b is set to one. 2"
11,text,,4 Upper bound,,False,Proof. The number of the controlledg in G-Hadamard is obviously 2 m .
11,text,,4 Upper bound,,False,"In addition, the calculation of the desired probability is not so difficult. First let us investigate how C n ( g ) and C ′ n ( g ) work on HA n B n and HC n D n respectively. By definition, C n ( g ) acts as the identity on | 0 H , b A n , j B n ⟩ , and acts as | 1 H , b A n , j B n ⟩ ↦→ | 1 H ⟩ ( I ⊕ g ) | b A n , j B n ⟩ , where {| b A n ⟩} b ∈{ 0 , 1 } is the computational basis on the system A n , and {| j B n ⟩} j ≤ d is the computational basis on the system B n . This means C n ( g ) acts in the same manner as the controlled-controlledg operation on HA n B n . Similarly, C ′ n ( g ) acts the same as the controlled-controlledg operation on HC n D n ."
11,text,,4 Upper bound,,False,"In the rest of proof, we directly calculate the evolution of the initial state step by step. By a simple calculation, the state right before applying Π 1 ≤ n ≤ m C n ( g ) in Fig 1 is"
11,text,,4 Upper bound,,False,"Since C n ( g )'s act as the controlled-controlledg operation on HA n B n , after Π 1 ≤ n ≤ m C n ( g ) is applied, the state (6) becomes"
11,text,,4 Upper bound,,False,"Note that the controlledg operation on A n B n is identical to ( I ⊕ g ) A n B n . As in Fig 1, we apply X and the controlledU ψ operation to the state (7), which yields"
11,text,,4 Upper bound,,False,"Similar to the case (8), the state then changes to"
11,text,,4 Upper bound,,False,"by applying Π 1 ≤ n ≤ m C ′ n ( g ). Finally, S -b and H are applied to the state (9) which yields"
11,text,,4 Upper bound,,False,Therefore the final measurement produces zero with probability
11,text,,4 Upper bound,,False,"that equals to when b is set to zero, and"
11,text,,4 Upper bound,,False,when b
12,text,,4 Upper bound,,False,"Proposition 5. For any f ∈ L 2 ( U ( d )) , B ε ( f ) = O ( Rep ε ( f )) ."
12,text,,4 Upper bound,,False,"Proof. Our proof consists of two parts. In the first part, we create an estimator for the inner product"
12,text,,4 Upper bound,,False,"when a system E , and ˜ φ, ˜ ψ are given. In the second part, based on the estimator, we propose an estimation process for any f ∈ L 2 ( U ( d )) and analyze its efficiency."
12,text,,4 Upper bound,,False,"Proof of the first part. First, observe ( A ⊕ B ) ⊗ ( C ⊕ D ) = A ⊗ ( C ⊕ D ) ⊕ B ⊗ ( C ⊕ D ) and A ⊗ ( B ⊕ C ) ≃ ( A ⊗ B ) ⊕ ( A ⊗ C ) up to unitary equivalence, for any rectangular matrices A,B,C and D . This observation leads to"
12,text,,4 Upper bound,,False,"where Garbage is some unitary, and g ⊗ 0 = I d . Therefore"
12,text,,4 Upper bound,,False,which further leads to
12,text,,4 Upper bound,,False,"In other words, there is a unitary W such that"
12,text,,4 Upper bound,,False,"Now for any vectors ˜ φ, ˜ ψ that have the same dimension as ( ⊕ 0 ≤ n,n ′ ≤ m g ⊗ n ⊗ g ∗⊗ n ′ ⊗ I E ) , we implement Algorithm 1, G-Hadamard , with φ = W ( ˜ φ ⊕ 0 Garbage ) and ψ = W ( ˜ ψ ⊕ 0 Garbage ). Then the probability of obtaining zero at the final measurement is"
12,text,,4 Upper bound,,False,"when b is set to one. As shown below, this implementation yields an unbiased estimator for"
12,text,,4 Upper bound,,False,"when b is set to zero, and with 2 m controlledg operations."
13,text,,4 Upper bound,,False,"To see its unbiasedness, let b ∈ U { 0 , 1 } behave as the unbiased coin and perform Algorithm 1 according to the value of b . Denote its measurement outcome by M ∈ { 0 , 1 } and then define the estimator ˆ f : ( M,b ) ∈ { 0 , 1 } 2 ↦→ C as"
13,text,,4 Upper bound,,False,Then
13,text,,4 Upper bound,,False,and therefore
13,text,,4 Upper bound,,False,"Denote this estimation process by Estimation ( ˜ φ, ˜ ψ )."
13,text,,4 Upper bound,,False,"Proof of the second part. Based on the above process Estimation ( ˜ φ, ˜ ψ ), the second part of proof shows how to estimate a function f ∈ L 2 ( U ( d )) via polynomial approximation. For any f ∈ L 2 ( U ( d )), let m 0 := ( Rep ε ( f ) + 1) and observe that the projection of f onto the space Q ≤ 2 m 0 ( U ( d )) defined in Equation (3) may be written as"
13,text,,4 Upper bound,,False,"where | α | := ∑ 1 ≤ i,j ≤ d α ij for α = ( α i,j ) 1 ≤ i,j ≤ d ∈ N d × d 0 , a ( α, α ′ ) ∈ C , g α := g α 11 11 g α 12 12 · · · g α dd dd , ¯ g α ′ := ¯ g α ′ 11 11 ¯ g α ′ 12 12 · · · ¯ g α ′ dd dd . ′"
13,text,,4 Upper bound,,False,"In the following, we aim to estimate Q ≤ 2 m 0 f instead of f itself. To this end, first observe that any g α ¯ g α appears as a matrix element of ⊕ 0 ≤ n,n ′ ≤ 2 m 0 g ⊗ n ⊗ g ∗⊗ n ′ that follows from the definition of tensor product of matrices. In addition, let us observe that any function f ( x 11 , x 12 , . . . , x dd ) of the form f = ∑ i,j a ij x ij may be expressed as f = Tr AX by a matrix A when X = ( x ij ). These observations imply that there exists a matrix A such that"
13,text,,4 Upper bound,,False,"Together with Equation (10), this equation further implies"
13,text,,4 Upper bound,,False,"by the singular value decomposition A = UDV , where σ i 's are the singular values of A and e i 's are the standard basis. This establishes"
13,text,,4 Upper bound,,False,"We can now describe our estimation scheme for Q ≤ 2 m 0 f in a simple manner: In our scheme, we first randomly choose some coordinate i with probability σ i / ∥ A ∥ 1 , and then estimate ⟨ e i | ( V ⊕ 0 ≤ n,n ′ ≤ 2 m 0 g ⊗ n ⊗ g ∗⊗ n ′ U ) | e i ⟩ by Estimation ( V ∗ e i , Ue i ) with E satisfying dim E = 1, and finally multiply the value by ∥ A ∥ 1 . This scheme uses 4 m 0 controlledg operations, and satisfies unibiasedness property for Q ≤ 2 m 0 f due to the expression (11) and unbiasedness property of Estimation ( φ, ψ )."
14,text,,4 Upper bound,,False,"We now investigate the bias of our estimation scheme for the original function f . At each point g ∈ U ( d ), the bias of our estimation scheme is"
14,text,,4 Upper bound,,False,"and therefore the quantity Bias G , the average of the bias over the group U ( d ) (with respect to the Haar measure), satisfies"
14,text,,4 Upper bound,,False,"by Parseval type identity (in Fact 3), m 0 := Rep ε ( f ) + 1 and the definition of Rep ε ( f ) (in Definition 6). These arguments show B ε ( f ) ≤ 4 m 0 = 4( Rep ε ( f ) + 1) = O ( Rep ε ( f ))."
14,text,,4 Upper bound,,False,Theorem 1 is a direct consequence of Propositions 3 and 5.
14,text,,4 Upper bound,,False,"Theorem 1 (Rephrased) . For any f ∈ L 2 ( U ( d )) , B ε ( f ) = Θ( Rep ε ( f )) ."
14,text,,4 Upper bound,,False,"In the proof of Proposition 5, the construction of an unbiased estimator for any polynomial function f ∈ Q ≤ m ( U ( d )) is provided. Of course, this estimator may be used for the framework of PAC learning. In Proposition 1, we show an upper bound on the query complexity of estimating a polynomial f in PAC learning framework."
14,text,,4 Upper bound,,False,"Proposition 1. For a f ∈ Q ≤ m ( U ( d )) , Q ε,δ ( f ) = O ( ∥ A ∥ 2 1 log 1 δ ε 2 · m ) for any matrix A satisfying"
14,text,,4 Upper bound,,False,"Proof. First recall a general strategy of estimation obtained by Hoeffding's inequality. For R -valued i.i.d. random variables X 1 , . . . , X n taking values on the interval [ a, b ], Hoeffding's inequality ensures"
14,text,,4 Upper bound,,False,"for any positive t > 0, where X := X 1 + ··· + X n n . Therefore setting t = ε and n > ( b -a ) 2 ε 2 log 2 δ yields"
14,text,,4 Upper bound,,False,"Therefore, to estimate a true value with an unbiased estimator in the ( ε, δ )-PAC-learning framework, it suffices to repeat the estimation process for n = O ( ( b -a ) 2 ε 2 log 1 δ ) times and take the average."
14,text,,4 Upper bound,,False,"For C -valued random variables, we decompose X i = Re X i + i Im X i and obtain"
14,text,,4 Upper bound,,False,"from the same argument with Hoeffding's inequality, where C 0 is the maximum possible values of | X i | . Therefore, it suffices to repeat the estimation process for n = O ( C 2 0 ε 2 log 1 δ ) times and take the average."
14,text,,4 Upper bound,,False,"We now apply this argument to our estimation scheme that is essentially given in the proof of Proposition 5. In our estimation scheme, first observe the function f may be expressed as"
15,text,,4 Upper bound,,False,"where the singular value decomposition A = UDV is applied. And then as in the second part of Proposition 5, apply Estimation ( V ∗ e i , Ue i ) with probability σ i ∥ A ∥ 1 (Note that ∑ i σ i ∥ A ∥ 1 = 1) and multiply by ∥ A ∥ 1 . This process requires m queries to the Cg operation, and yields an unbiased estimator for f ( g ) that takes values on the interval [ -∥ A ∥ 1 , ∥ A ∥ 1 ], because"
15,text,,4 Upper bound,,False,for any unitary operator V by Cauchy-Schwarz inequality.
15,text,,4 Upper bound,,False,"Therefore from the above discussion we obtain Q ε,δ ( f ) = O ( ∥ A ∥ 2 1 ε 2 log 1 δ · m )"
15,text,,5 Applications,,False,"Section 5 has two subsections: Section 5.1 and Section 5.2. Section 5.1 discusses how to obtain simpler expressions of the quantity Rep ε ( f ), and Section 5.2 shows that our algorithm in fact works well even in PAC learning framework for specific functions."
15,text,,5.1 Simpler forms of Rep ε ( f ),,False,"Here we aim to derive simpler forms of the quantity Rep ε ( f ) for specific functions such as univariate polynomials, the trace function, and matrix elements of unitary irreducible representations, on U ( d )."
15,text,,5.1.1 Univariate Polynomials,,False,"Define G ( α, d ) := ∫ | g 11 | 2 α dg which can be computed by properties of the Haar measure on the unitary group [Mec19, Proposition 2.5]. For example,"
15,text,,5.1.1 Univariate Polynomials,,False,"since g 11 , . . . , g 1 d are i.i.d., and ∑ 1 ≤ i ≤ d | g 1 i | 2 = 1."
15,text,,5.1.1 Univariate Polynomials,,False,Proposition 6. Let α ∈ N 0 and f ( g ) = g α 11 . Then
15,text,,5.1.1 Univariate Polynomials,,False,"Proof. By defition of G ( α, d ), we have"
15,text,,5.1.1 Univariate Polynomials,,False,together with the fact that f is an α -degree polynomial and the definition of the projection Q ⊥ ≤ α . Since
15,text,,5.1.1 Univariate Polynomials,,False,"for any d ∈ N 0 , this shows the statement."
15,text,,5.1.1 Univariate Polynomials,,False,"As shown in Lemma 1, for a different α ∈ N 0 , the function g α 11 belongs to a different orthogonal subspace P α ( U ( d )). Therefore the L 2 norm of a univariate polynomial f = ∑ 0 ≤ α ′ ≤ α a α ′ g α ′ 11 satisfies"
15,text,,5.1.1 Univariate Polynomials,,False,This yields Corollary 1.
15,text,,5.1.1 Univariate Polynomials,,False,"Corollary 1. For a degree α , univariate polynomial f ( g ) = ∑ 0 ≤ α ′ ≤ α a α ′ g α ′ 11 ,"
16,text,,5.1.2 The trace function,,False,"Since the (normalized) trace function f ( g ) = 1 d Tr g belongs to P 1 ( U ( d )), we have Fact 7. (The normalization factor does not provide any role for Fact 7, which plays a role rather in Fact 10.)"
16,text,,5.1.2 The trace function,,False,"Remark 3. Even though B ε ( f ) = Θ( Rep ε ( f )) holds by Theorem 1, Fact 7 does not imply B ε ( f ) = 0 because the Θ notation hides an additive constant factor."
16,text,,5.1.3 The determinant det g,,False,"By Shur's orthogonality relation [BTD03, Section 4], the one dimensional irreducible representation (det g, C ) satisfies ∥ det g ∥ 2 L 2 = 1. Since det g is a polynomial with degree d by definition, we obtain Fact 8."
16,text,,5.1.3 The determinant det g,,False,"More generally, any irreducible representation ( π λ , V λ ) over U ( d ) satisfies ∥ π λ ( g ) i,j ∥ 2 L 2 = 1 / dim V λ . In addition, any label λ must belong to some set Λ d ( m, ¯ m ) from which Mixed Schur-Weyl duality, in Fact 5, tells that π λ ( g ) i,j is a linear combination of polynomials with degree exactly equal to m + ¯ m . These arguments show Fact 9."
16,text,,5.1.3 The determinant det g,,False,"Fact 9. For any unitary irreducible representation ( π λ , V λ ) whose label λ belongs to a set Λ d ( m, ¯ m ) ,"
16,text,,5.2 Optimal PAC estimations,,False,"In Section 5.2, we apply Proposition 1 and obtain upper bounds on the PAC-learning complexity Q ε,δ ( f ) for several different functions. As observed in Section 5.1 together with Fact 6, these upper bounds are tight for sufficiently small constants ε, δ ."
16,text,,5.2.1 Univariate Polynomials,,False,"Proposition 7. Let α ∈ N 0 and f ( g ) = g α 11 . Then Q ε,δ ( f ) = O ( α ε 2 log 1 δ )"
16,text,,5.2.1 Univariate Polynomials,,False,"Proof. First notice that there is a pair ( i, j ) such that the ( i, j ) element of the matrix ⊕ 0 ≤ n,n ′ ≤ α g ⊗ n ⊗ g ∗⊗ n ′ is equal to g α 11 . We now apply Proposition 1 with E := C and the matrix A := E ij , whose ( i, j ) element is one, and all the other elements are zero. We then have"
16,text,,5.2.1 Univariate Polynomials,,False,"Since g α 11 ∈ Q ≤ α ( U ( d )) and ∥ A ∥ 1 = Tr √ E ∗ ij E ij = 1, we have Q ε,δ ( f ) = O ( α ε 2 log 1 δ )."
16,text,,5.2.2 The trace function,,False,"Fact 10. When f ( g ) = 1 d Tr g , Q ε,δ ( f ) = O ( 1 ε 2 log 1 δ ) ."
16,text,,5.2.2 The trace function,,False,"Proof. First observe that ⊕ 0 ≤ n,n ′ ≤ 1 g ⊗ n ⊗ g ∗⊗ n ′ = g ⊗ I ⊕ I ⊗ g ∗ ⊕ g ⊗ g ∗ . Therefore define A := 1 d ( I ⊗ E 11 ) ⊕ 0 ⊕ 0 and we obtain"
16,text,,5.2.2 The trace function,,False,"Since ∥ A ∥ 1 = 1, we obtain the desired statement."
17,text,,"5.2.3 Irreducible representations π λ ( g ) i,j",,False,"Proposition 8. For any unitary irreducible representation ( π λ , V λ ) whose label λ belongs to a set Λ d ( m, ¯ m ) ,"
17,text,,"5.2.3 Irreducible representations π λ ( g ) i,j",,False,"where f ( g ) = π λ ( g ) i,j ."
17,text,,"5.2.3 Irreducible representations π λ ( g ) i,j",,False,"Proof. For any λ 0 = ( λ + , λ -) ∈ Λ d ( m,m ), there are unitaries U, V and W such that"
17,text,,"5.2.3 Irreducible representations π λ ( g ) i,j",,False,"by Schur-Weyl duality, where the last expression immediately comes from the highest weight theory. Therefore for any quantum system E ,"
17,text,,"5.2.3 Irreducible representations π λ ( g ) i,j",,False,"Now let E := C dim( π λ + ⊗ π λ -) and take the partial transpose over the systems BE , where the system B corresponds to the space on which ¯ g ⊗ ¯ m of the RHS acts. This changes Equation (12) into"
17,text,,"5.2.3 Irreducible representations π λ ( g ) i,j",,False,"from Lemma 3, due to the definition of E . Therefore taking ˜ A := W [ E ij ⊕ 0 Garbage 1 ] W T ⊕ 0 Garbage 2 , we have"
17,text,,"5.2.3 Irreducible representations π λ ( g ) i,j",,False,"Finally let A = ( U ⊗ V T ˜ AU ∗ ⊗ ¯ V ) ⊕ 0 on the space for ⊕ 0 ≤ n,n ′ ≤ m +¯ m g ⊗ n ⊗ g ∗⊗ n ′ ⊗ I E ,"
17,text,,"5.2.3 Irreducible representations π λ ( g ) i,j",,False,"Since ∥ A ∥ 1 = ∥ U ⊗ V T ˜ AU ∗ ⊗ ¯ V ∥ 1 = ∥ ˜ A ∥ 1 = 1, we obtain the desired statement."
17,text,,Acknowledgement,,False,"The author would like to thank his boss Michaglyph[suppress] l Oszmaniec for his kindness and support. The author acknowledges support from National Science Center, Poland within the QuantERA III Programme (No 2023/05/Y/ST2/00140 acronym Tuquan) that has received funding from the European Union's Horizon 2020 program."
18,reference,30c88170-fd15-5486-bf70-bbab16747183_section_21,Reference,,False,"[AJV01] A. Ac´ ın, E. Jan´ e, and G. Vidal. Optimal estimation of quantum dynamics. Phys. Rev. A , 64:050302, 2001."
18,reference,30c88170-fd15-5486-bf70-bbab16747183_section_21,Reference,,False,"[AS25] J. Agerskov and K. Splittorff. Quantum determinant estimation. Phys. Rev. A , 112:012407, 2025."
18,reference,30c88170-fd15-5486-bf70-bbab16747183_section_21,Reference,,False,"[BBC + 01] Robert Beals, Harry Buhrman, Richard Cleve, Michele Mosca, and Ronald de Wolf. Quantum lower bounds by polynomials. Journal of the ACM (JACM) , 48(4):778-797, 2001."
18,reference,30c88170-fd15-5486-bf70-bbab16747183_section_21,Reference,,False,"[BCG + 24] Sergey Bravyi, Anirban Chowdhury, David Gosset, Vojtˇ ech Havl´ ıˇ cek, and Guanyu Zhu. Quantum complexity of the kronecker coefficients. PRX Quantum , 5(1):010329, 2024."
18,reference,30c88170-fd15-5486-bf70-bbab16747183_section_21,Reference,,False,"[BCH + 94] Georgia Benkart, Manish Chakrabarti, Thomas Halverson, Robert Leduc, Chanyoung Y Lee, and Jeffrey Stroomer. Tensor product representations of general linear groups and their connections with brauer algebras. Journal of Algebra , 166(3):529-567, 1994."
18,reference,30c88170-fd15-5486-bf70-bbab16747183_section_21,Reference,,False,"[BGHS25] Sergey Bravyi, David Gosset, Vojtech Havlicek, and Louis Schatzki. Classical and quantum algorithms for characters of the symmetric group. arXiv preprint arXiv:2501.12579 , 2025."
18,reference,30c88170-fd15-5486-bf70-bbab16747183_section_21,Reference,,False,"[BHMT02] Gilles Brassard, Peter Høyer, Michele Mosca, and Alain Tapp. Quantum amplitude amplification and estimation. Contemporary Mathematics , 305:53-74, 2002."
18,reference,30c88170-fd15-5486-bf70-bbab16747183_section_21,Reference,,False,"[BNZ25] John Bostanci, Barak Nehoran, and Mark Zhandry. A general quantum duality for representations of groups with applications to quantum money, lightning, and fire. In 57th Annual Symposium on Theory of Computing , pages 201-212, 2025."
18,reference,30c88170-fd15-5486-bf70-bbab16747183_section_21,Reference,,False,"[BTD03] Theodor Br¨ ocker and Tammo Tom Dieck. Representations of compact Lie groups , volume 98. Springer Science & Business Media, 2003."
18,reference,30c88170-fd15-5486-bf70-bbab16747183_section_21,Reference,,False,"[CCGP + 24] Laura Clinton, Toby S. Cubitt, Raul Garcia-Patron, Ashley Montanaro, Stasja Stanisic, and Maarten Stroeks. Quantum phase estimation without controlled unitaries. arXiv preprint arXiv:2410.21517 , 2024."
18,reference,30c88170-fd15-5486-bf70-bbab16747183_section_21,Reference,,False,"[CDPS04] G. Chiribella, G. M. D'Ariano, P. Perinotti, and M. F. Sacchi. Efficient use of quantum resources for the transmission of a reference frame. Phys. Rev. Lett. , 93:180503, 2004."
18,reference,30c88170-fd15-5486-bf70-bbab16747183_section_21,Reference,,False,"[CDS05] G. Chiribella, G. M. D'Ariano, and M. F. Sacchi. Optimal estimation of group transformations using entanglement. Phys. Rev. A , 72:042338, Oct 2005."
18,reference,30c88170-fd15-5486-bf70-bbab16747183_section_21,Reference,,False,[Chi] Andrew M Childs. Lecture notes on quantum algorithms.
18,reference,30c88170-fd15-5486-bf70-bbab16747183_section_21,Reference,,False,"[Cir24] Cristina Cirstoiu. A fourier analysis framework for approximate classical simulations of quantum circuits. arXiv preprint arXiv:2410.13856 , 2024."
18,reference,30c88170-fd15-5486-bf70-bbab16747183_section_21,Reference,,False,"[DJSW07] Miroslav Dobˇ s´ ıˇ cek, G¨ oran Johansson, Vitaly Shumeiko, and G¨ oran Wendin. Arbitrary accuracy iterative quantum phase estimation algorithm using a single ancillary qubit: A two-qubit benchmark. Phys. Rev. A , 76(3):030306, 2007."
18,reference,30c88170-fd15-5486-bf70-bbab16747183_section_21,Reference,,False,"[EGH + 11] Pavel I Etingof, Oleg Golberg, Sebastian Hensel, Tiankai Liu, Alex Schwendner, Dmitry Vaintrob, and Elena Yudovina. Introduction to representation theory , volume 59. American Mathematical Soc., 2011."
18,reference,30c88170-fd15-5486-bf70-bbab16747183_section_21,Reference,,False,"[FEK25] Paul K Faehrmann, Jens Eisert, and Richard Kueng. In the shadow of the hadamard test: Using the garbage state for good and further modifications. arXiv preprint arXiv:2505.15913 , 2025."
18,reference,30c88170-fd15-5486-bf70-bbab16747183_section_21,Reference,,False,"[FH13] William Fulton and Joe Harris. Representation theory: a first course , volume 129. Springer Science & Business Media, 2013."
19,reference,30c88170-fd15-5486-bf70-bbab16747183_section_21,Reference,,False,"[Gri25] Dmitry A. Grinko. Mixed Schur-Weyl duality in quantum information . PhD thesis, Ph. D. thesis, University of Amsterdam, 2025."
19,reference,30c88170-fd15-5486-bf70-bbab16747183_section_21,Reference,,False,"[GSLW19] Andr´ as Gily´ en, Yuan Su, Guang Hao Low, and Nathan Wiebe. Quantum singular value transformation and beyond: exponential improvements for quantum matrix arithmetics. In 51st annual symposium on theory of computing , pages 193-204, 2019."
19,reference,30c88170-fd15-5486-bf70-bbab16747183_section_21,Reference,,False,"[GST24] Zuzana Gavorov´ a, Matan Seidel, and Yonathan Touati. Topological obstructions to quantum computation with unitary oracles. Phys. Rev. A , 109:032625, 2024."
19,reference,30c88170-fd15-5486-bf70-bbab16747183_section_21,Reference,,False,"[Hay06] Masahito Hayashi. Parallel treatment of estimation of su (2) and phase estimation. Physics Letters A , 354(3):183-189, 2006."
19,reference,30c88170-fd15-5486-bf70-bbab16747183_section_21,Reference,,False,"[Hay16] Masahito Hayashi. Quantum information theory . Springer, 2016."
19,reference,30c88170-fd15-5486-bf70-bbab16747183_section_21,Reference,,False,"[Hel69] Carl W Helstrom. Quantum detection and estimation theory. Journal of Statistical Physics , 1(2):231252, 1969."
19,reference,30c88170-fd15-5486-bf70-bbab16747183_section_21,Reference,,False,"[HKOT23] Jeongwan Haah, Robin Kothari, Ryan O'Donnell, and Ewin Tang. Query-optimal estimation of unitary channels in diamond distance. In 64th Annual Symposium on Foundations of Computer Science , pages 363-390, 2023."
19,reference,30c88170-fd15-5486-bf70-bbab16747183_section_21,Reference,,False,[Jor09] Stephen P. Jordan. Fast quantum algorithms for approximating some irreducible representations of groups. 2009.
19,reference,30c88170-fd15-5486-bf70-bbab16747183_section_21,Reference,,False,"[Kit95] A Yu Kitaev. Quantum measurements and the abelian stabilizer problem. arXiv preprint quantph/9511026 , 1995."
19,reference,30c88170-fd15-5486-bf70-bbab16747183_section_21,Reference,,False,"[KLY15] Shelby Kimmel, Guang Hao Low, and Theodore J Yoder. Robust calibration of a universal single-qubit gate set via robust phase estimation. Phys. Rev. A , 92(6):062315, 2015."
19,reference,30c88170-fd15-5486-bf70-bbab16747183_section_21,Reference,,False,"[LC98] Erich Leo Lehmann and George Casella. Theory of point estimation . Springer, 1998."
19,reference,30c88170-fd15-5486-bf70-bbab16747183_section_21,Reference,,False,"[LH25] Mart´ ın Larocca and Vojtech Havlicek. Quantum algorithms for representation-theoretic multiplicities. Phys. Rev. Lett. , 135:010602, 2025."
19,reference,30c88170-fd15-5486-bf70-bbab16747183_section_21,Reference,,False,"[LSS + 20] Yiping Lu, Jun Yan Sim, Jun Suzuki, Berthold-Georg Englert, and Hui Khoon Ng. Direct estimation of minimum gate fidelity. Phys. Rev. A , 102:022410, 2020."
19,reference,30c88170-fd15-5486-bf70-bbab16747183_section_21,Reference,,False,"[MdW23] Nikhil S. Mande and Ronald de Wolf. Tight Bounds for Quantum Phase Estimation and Related Problems. In 31st Annual European Symposium on Algorithms , volume 274, pages 81:1-81:16, 2023."
19,reference,30c88170-fd15-5486-bf70-bbab16747183_section_21,Reference,,False,"[Mec19] Elizabeth S Meckes. The random matrix theory of the classical compact groups , volume 218. Cambridge University Press, 2019."
19,reference,30c88170-fd15-5486-bf70-bbab16747183_section_21,Reference,,False,"[MS14] Iman Marvian and Robert W Spekkens. A generalization of schur-weyl duality with applications in quantum estimation. Communications in Mathematical Physics , 331(2):431-475, 2014."
19,reference,30c88170-fd15-5486-bf70-bbab16747183_section_21,Reference,,False,"[NC10] Michael A. Nielsen and Isaac L. Chuang. Quantum Computation and Quantum Information: 10th Anniversary Edition . Cambridge University Press, 10th edition, 2010."
19,reference,30c88170-fd15-5486-bf70-bbab16747183_section_21,Reference,,False,"[Ngu23] Quynh T Nguyen. The mixed schur transform: efficient quantum circuit and applications. arXiv preprint arXiv:2310.01613 , 2023."
19,reference,30c88170-fd15-5486-bf70-bbab16747183_section_21,Reference,,False,"[Pan25] Greta Panova. Polynomial time classical versus quantum algorithms for representation theoretic multiplicities. arXiv preprint arXiv:2502.20253 , 2025."
19,reference,30c88170-fd15-5486-bf70-bbab16747183_section_21,Reference,,False,"[PW27] F. Peter and H. Weyl. Die vollst¨ andigkeit der primitiven darstellungen einer geschlossenen kontinuierlichen gruppe. Mathematische Annalen , 97(1):737-755, 1927."
20,reference,30c88170-fd15-5486-bf70-bbab16747183_section_21,Reference,,False,"[SHF13] Krysta M Svore, Matthew Hastings, and Michael Freedman. Faster phase estimation. Quantum Information and Computation , 14:306-328, 2013."
20,reference,30c88170-fd15-5486-bf70-bbab16747183_section_21,Reference,,False,"[SY23] Adrian She and Henry Yuen. Unitary property testing lower bounds by polynomials. In 14th Innovations in Theoretical Computer Science Conference , 2023."
20,reference,30c88170-fd15-5486-bf70-bbab16747183_section_21,Reference,,False,"[TW25] Ewin Tang and John Wright. Are controlled unitaries helpful? arXiv preprint arXiv:2508.00055 , 2025."
20,reference,30c88170-fd15-5486-bf70-bbab16747183_section_21,Reference,,False,"[vACGN23] Joran van Apeldoorn, Arjan Cornelissen, Andr´ as Gily´ en, and Giacomo Nannicini. Quantum tomography using state-preparation unitaries. In 34th Annual Symposium on Discrete Algorithms , pages 1265-1318, 2023."
20,reference,30c88170-fd15-5486-bf70-bbab16747183_section_21,Reference,,False,"[WBP + 24] Iria W. Wang, Robin Brown, Taylor L. Patti, Anima Anandkumar, Marco Pavone, and Susanne F. Yelin. Sum-of-squares inspired quantum metaheuristic for polynomial optimization with the hadamard test and approximate amplitude constraints. arXiv preprint arXiv:2408.07774 , 2024."
20,reference,30c88170-fd15-5486-bf70-bbab16747183_section_21,Reference,,False,"[WRZ + 21] Bujiao Wu, Maharshi Ray, Liming Zhao, Xiaoming Sun, and Patrick Rebentrost. Quantum-classical algorithms for skewed linear systems with an optimized hadamard test. Phys. Rev. A , 103:042422, 2021."
20,reference,30c88170-fd15-5486-bf70-bbab16747183_section_21,Reference,,False,"[YRC20] Yuxiang Yang, Renato Renner, and Giulio Chiribella. Optimal universal programming of unitary gates. Phys. Rev. Lett. , 125(21):210501, 2020."
20,reference,30c88170-fd15-5486-bf70-bbab16747183_section_21,Reference,,False,"[ZBQ + 25] Alexander I. Zenchuk, Georgii A. Bochkin, Wentao Qi, Asutosh Kumar, and Junde Wu. Quantum algorithms for calculating determinant and inverse of matrix and solving linear algebraic systems. Quantum Information & Computation , 25(2):195-215, 2025."
20,text,,A Appendix,,False,Here we give proofs of several statements that have to place in Appendix.
20,text,,A Appendix,,False,"For any m ∈ N 0 , define a subspace of L 2 ( U ( d )) as"
20,text,,A Appendix,,False,"where g ij denotes the ( i, j ) entry of g ∈ U ( d ). This is the space of multi-variate polynomials in matrix entry of g , whose degree is at most m . We also define another subspace P m ( U ( d )) as"
20,text,,A Appendix,,False,"The subspaces P m ( U ( d )) , P m ( U ( d )) ( m ∈ N 0 ) are finite dimensional, and therefore closed in L 2 ( U ( d )). Note that P 0 ( U ( d )) = P 0 ( U ( d )) = C . Analogously, define"
20,text,,A Appendix,,False,that are also finite-dimensional and therefore closed. Note that for convenience P 0 is not included in case of P .
20,text,,A Appendix,,False,Lemma 1.
20,text,,A Appendix,,False,"Proof. By Fact 4,"
21,text,,A Appendix,,False,"where { λ 1 , . . . , λ max } = Λ m, ≤ d . By the definition of tensor products, matrix entries of g ⊗ m form a basis of P m ( U ( d )), and therefore Equation (13) implies any π λ ( g ) U ( d ) ( λ ∈ Λ m, ≤ d ) may be written as a linear combination of elements in P m ( U ( d )). This shows"
21,text,,A Appendix,,False,"To show the opposite direction, use"
21,text,,A Appendix,,False,and follow the same proof strategy.
21,text,,Lemma 2.,,False,where
21,text,,Lemma 2.,,False,Proof. Take the complex conjugation on both sides of Equation (13) and apply the same proof technique as Lemma 1 together with Fact 2.
21,text,,Lemma 2.,,False,"Lemma 3. Let A,B,C and D be rectangular matrices satisfying A ⊗ B = C ⊕ D . Then taking the partial transpose on B of the RHS yields"
21,text,,Lemma 2.,,False,"for some D i 's, when dim B ≥ dim C ."
21,text,,Lemma 2.,,False,"Proof. Let X ∈ M ( n × m,n × m, C ) be a matrix on the space V ⊗ W where dim V = n and dim W = m . First observe the partial transpose of X on the space W is represented as"
21,text,,Lemma 2.,,False,"where X = ( X ij ) 1 ≤ i,j ≤ n is a block decomposition; each X ij is an m × m matrix. Therefore the partial transpose of the matrix C ⊕ D = ( C 0 0 D ) on the space whose dimension larger than or equal to dim C satisfies"
21,text,,Lemma 2.,,False,This shows the statement.
